{"cameraMode":{"drawMode":0,"name":"Shaded","section":"Shading Mode"},"sceneLighting":false,"audioPlay":false,"sceneViewState":{"showFog":false,"showMaterialUpdate":true,"showSkybox":false,"showFlares":false,"showImageEffects":false,"showParticleSystems":false},"in2DMode":false,"pivot":{"x":0.6432398557662964,"y":-0.6272636651992798,"z":1.0976707935333253},"rotation":{"x":0.25157299637794497,"y":-0.19041089713573457,"z":0.0505593977868557,"w":0.9475945234298706},"size":1.9122681617736817,"orthographic":false}