{"cameraMode":{"drawMode":0,"name":"Shaded","section":"Shading Mode"},"sceneLighting":false,"audioPlay":false,"sceneViewState":{"showFog":false,"showMaterialUpdate":false,"showSkybox":false,"showFlares":false,"showImageEffects":true,"showParticleSystems":true},"in2DMode":false,"pivot":{"x":-1.7300000190734864,"y":9.960360527038575,"z":-5.400010585784912},"rotation":{"x":0.17263789474964143,"y":0.3241540491580963,"z":-0.060291796922683719,"w":0.9281622767448425},"size":1.3776686191558838,"orthographic":true}