{"cameraMode":{"drawMode":0,"name":"Shaded","section":"Shading Mode"},"sceneLighting":false,"audioPlay":false,"sceneViewState":{"showFog":false,"showMaterialUpdate":false,"showSkybox":false,"showFlares":false,"showImageEffects":true,"showParticleSystems":true},"in2DMode":false,"pivot":{"x":29.56999969482422,"y":9.949999809265137,"z":-16.049999237060548},"rotation":{"x":-0.23331116139888764,"y":-0.2956687808036804,"z":0.07470982521772385,"w":-0.9233441352844238},"size":39.225006103515628,"orthographic":true}