{"cameraMode":{"drawMode":0,"name":"Shaded","section":"Shading Mode"},"sceneLighting":false,"audioPlay":false,"sceneViewState":{"showFog":false,"showMaterialUpdate":false,"showSkybox":false,"showFlares":false,"showImageEffects":true,"showParticleSystems":true},"in2DMode":false,"pivot":{"x":-3.6604175567626955,"y":9.50713062286377,"z":-6.379734516143799},"rotation":{"x":0.11388690769672394,"y":0.6182131767272949,"z":-0.09115688502788544,"w":0.7723552584648132},"size":10.278094291687012,"orthographic":false}