{"cameraMode":{"drawMode":0,"name":"Shaded","section":"Shading Mode"},"sceneLighting":false,"audioPlay":false,"sceneViewState":{"showFog":false,"showMaterialUpdate":false,"showSkybox":false,"showFlares":false,"showImageEffects":true,"showParticleSystems":true},"in2DMode":false,"pivot":{"x":64.51057434082031,"y":94.60200500488281,"z":-53.889068603515628},"rotation":{"x":-0.038494009524583819,"y":0.8624753952026367,"z":0.06637048721313477,"w":0.5002493262290955},"size":68.9972915649414,"orthographic":false}