{"cameraMode":{"drawMode":0,"name":"Shaded","section":"Shading Mode"},"sceneLighting":false,"audioPlay":false,"sceneViewState":{"showFog":false,"showMaterialUpdate":true,"showSkybox":false,"showFlares":false,"showImageEffects":false,"showParticleSystems":false},"in2DMode":false,"pivot":{"x":-0.014890299178659916,"y":0.19865682721138,"z":-0.24551545083522798},"rotation":{"x":0.051206160336732867,"y":0.937923789024353,"z":-0.15762361884117127,"w":0.30468815565109255},"size":1.2679377794265748,"orthographic":true}