{"cameraMode":{"drawMode":0,"name":"Shaded","section":"Shading Mode"},"sceneLighting":false,"audioPlay":false,"sceneViewState":{"showFog":false,"showMaterialUpdate":true,"showSkybox":false,"showFlares":false,"showImageEffects":false,"showParticleSystems":false},"in2DMode":false,"pivot":{"x":27.67176055908203,"y":55.01272201538086,"z":-12.604296684265137},"rotation":{"x":0.44660136103630068,"y":0.41600438952445986,"z":-0.2468276470899582,"w":0.7527045607566834},"size":40.849525451660159,"orthographic":false}