{"cameraMode":{"drawMode":0,"name":"Shaded","section":"Shading Mode"},"sceneLighting":false,"audioPlay":false,"sceneViewState":{"showFog":false,"showMaterialUpdate":false,"showSkybox":false,"showFlares":false,"showImageEffects":true,"showParticleSystems":true},"in2DMode":false,"pivot":{"x":29.571701049804689,"y":53.52928161621094,"z":-16.03700065612793},"rotation":{"x":0.04597549885511398,"y":0.8128136396408081,"z":-0.06475512683391571,"w":0.5770881772041321},"size":5.5375142097473148,"orthographic":false}