{"cameraMode":{"drawMode":0,"name":"Shaded","section":"Shading Mode"},"sceneLighting":false,"audioPlay":false,"sceneViewState":{"showFog":false,"showMaterialUpdate":true,"showSkybox":false,"showFlares":false,"showImageEffects":false,"showParticleSystems":false},"in2DMode":false,"pivot":{"x":227.60400390625,"y":-0.12233861535787583,"z":11.811668395996094},"rotation":{"x":-0.37192729115486147,"y":0.47046202421188357,"z":-0.22813057899475099,"w":-0.7670084834098816},"size":36.518795013427737,"orthographic":false}