{"cameraMode":{"drawMode":0,"name":"Shaded","section":"Shading Mode"},"sceneLighting":false,"audioPlay":false,"sceneViewState":{"showFog":false,"showMaterialUpdate":false,"showSkybox":false,"showFlares":false,"showImageEffects":true,"showParticleSystems":true},"in2DMode":false,"pivot":{"x":-7.117402076721191,"y":0.7876560688018799,"z":-4.019600868225098},"rotation":{"x":0.04781288281083107,"y":0.4437628984451294,"z":-0.02371838688850403,"w":0.8945534825325012},"size":3.4254655838012697,"orthographic":true}